[
  {
    "id": 1,
    "tenMonAn": "Pho",
    "loaiMonAn": "Main Course",
    "vungMien": "Bắc",
    "hinhAnh": "pho",
    "congThuc": "Recipe for Pho",
    "lichSu": "History of Pho",
    "sangTao": "Creator of Pho",
    "farvorite": true
  },
  {
    "id": 2,
    "tenMonAn": "Bun Bo Hue",
    "loaiMonAn": "Main Course",
    "vungMien": "Trung",
    "hinhAnh": "bunbohue",
    "congThuc": "Recipe for Bun Bo Hue",
    "lichSu": "History of Bun Bo Hue",
    "sangTao": "Creator of Bun Bo Hue",
    "farvorite": false
  }
]
